INSERT INTO DATOS_PERSONALES(DNI, NOMBRE, AP1, AP2, DIRECCION, TELEFONO, TIPO) VALUES('78654896M','MARTA','MARTIN','RODRIGUEZ','C/Miravilla',983652148,'ALUMNO');
INSERT INTO DATOS_PERSONALES(DNI, NOMBRE, AP1, AP2, DIRECCION, TELEFONO, TIPO) VALUES('44103779F','JESUS','LOPEZ','ANTON','C/Lopez Gomez',654987123,'PROFESOR');
INSERT INTO DATOS_PERSONALES(DNI, NOMBRE, AP1, AP2, DIRECCION, TELEFONO, TIPO) VALUES('11526987G','PEDRO','DIAZ','HERNANDEZ','C/Transicion',698741236,'ALUMNO');
INSERT INTO DATOS_PERSONALES(DNI, NOMBRE, AP1, AP2, DIRECCION, TELEFONO, TIPO) VALUES('89621477A','LUIS','VILA','GOMEZ','C/Cardenal Torquemada',654710236,'PROFESOR');
INSERT INTO DATOS_PERSONALES(DNI, NOMBRE, AP1, AP2, DIRECCION, TELEFONO, TIPO) VALUES('45986321N','ANDREA','RIVAS','ALONSO','C/Salud',622254789,'ALUMNO');
INSERT INTO DATOS_PERSONALES(DNI, NOMBRE, AP1, AP2, DIRECCION, TELEFONO, TIPO) VALUES('71056984D','MIRIAM','ALONSO','BERODAS','C/Paseo Zorrilla',645897123,'ALUMNO');

INSERT INTO CICLO_FORM(COD_CICLO, NOMBRE, TIPO) VALUES(1565, 'DAM', 'GRADO SUPERIOR');
INSERT INTO CICLO_FORM(COD_CICLO, NOMBRE, TIPO) VALUES(2598, 'SMR', 'GRADO MEDIO');
INSERT INTO CICLO_FORM(COD_CICLO, NOMBRE, TIPO) VALUES(1489, 'ARI', 'GRADO SUPERIOR');

INSERT INTO PROFESOR(DNI, CUENTA) VALUES('44103779F', 'ES2002399348396092013170');
INSERT INTO PROFESOR(DNI, CUENTA) VALUES('89621477A', 'ES8501865417580989668301');

INSERT INTO ALUMNO(DNI, EMAIL, COD_IDIOMA) VALUES('71654896M', 'marta.mr@gmail.com', 20);
INSERT INTO ALUMNO(DNI, EMAIL, COD_IDIOMA) VALUES('11526987G', 'pedro.dh@gmail.com', 20);
INSERT INTO ALUMNO(DNI, EMAIL, COD_IDIOMA) VALUES('45986321N', 'andrea.ra@gmail.com', 30);
INSERT INTO ALUMNO(DNI, EMAIL, COD_IDIOMA) VALUES('71056984D', 'miriam.ab@gmail.com', 30);

INSERT INTO IDIOMA(COD_IDIOMA, DESCRIPCION) VALUES(20, 'Inglés');
INSERT INTO IDIOMA(COD_IDIOMA, DESCRIPCION) VALUES(30, 'Español');

INSERT INTO ASIGNATURA(COD_ASIG, NOMBRE, NUM_HORAS, DNI_PROFESOR, COD_CICLO) VALUES(seqAsignatura.CURRVAL,'Empresa',128,'44103779F',1565);
INSERT INTO ASIGNATURA(COD_ASIG, NOMBRE, NUM_HORAS, DNI_PROFESOR, COD_CICLO) VALUES(seqAsignatura.NEXTVAL,'Informática Industrial',269,'44103779F',1565);
INSERT INTO ASIGNATURA(COD_ASIG, NOMBRE, NUM_HORAS, DNI_PROFESOR, COD_CICLO) VALUES(seqAsignatura.NEXTVAL,'Aplicaciones Web',200,'89621477A',2598);
INSERT INTO ASIGNATURA(COD_ASIG, NOMBRE, NUM_HORAS, DNI_PROFESOR, COD_CICLO) VALUES(seqAsignatura.NEXTVAL,'Bases de datos',170,'89621477A',1489);
INSERT INTO ASIGNATURA(COD_ASIG, NOMBRE, NUM_HORAS, DNI_PROFESOR, COD_CICLO) VALUES(seqAsignatura.NEXTVAL,'Programación',225,'89621477A',2598);

INSERT INTO IDIOMAS_PROF(COD_IDIOMA, DNI) VALUES(30, '44103779F');
INSERT INTO IDIOMAS_PROF(COD_IDIOMA, DNI) VALUES(20, '89621477A');
INSERT INTO IDIOMAS_PROF(COD_IDIOMA, DNI) VALUES(30, '89621477A');

INSERT INTO MATRICULA(DNI, COD_ASIG) VALUES('71654896M',1);
INSERT INTO MATRICULA(DNI, COD_ASIG) VALUES('11526987G',2);
INSERT INTO MATRICULA(DNI, COD_ASIG) VALUES('45986321N',3);
INSERT INTO MATRICULA(DNI, COD_ASIG) VALUES('71056984D',4);
INSERT INTO MATRICULA(DNI, COD_ASIG) VALUES('71654896M',5);
INSERT INTO MATRICULA(DNI, COD_ASIG) VALUES('11526987G',1);

-- Si un atributo tiene un tipo de datos incorrecto, por ejemplo Varchar, se debe eliminar y volver a añadir:
--ALTER TABLE ALUMNO DROP COLUMN TELEFONO;
--ALTER TABLE ALUMNO ADD TELEFONO NUMBER(9);

DELETE FROM ASIGNATURA; -- / DELETE MATRICULA: Vacía los datos de la tabla

-- Secuencia:
CREATE SEQUENCE seqAsignatura
START WITH 1 INCREMENT BY 1
MAXVALUE 999 NOCYCLE;

ALTER SEQUENCE seqAsignatura INCREMENT BY 1;

DELETE FROM MATRICULA;